Role,Superadmin Platform,Device Platform,OLT Platform,ONT / ONU Platform,TR-069 / ACS,USP / TR-369,ISP CRM,Billing & Finance,Reseller Management,RADIUS / AAA,PPPoE,HotSpot,NMS,Network Topology,Fiber GIS / ODN,OTDR & Measurements,Alarms & Events,Incidents & Work Orders,Tickets & Support,Inventory,Configuration & Automation,IPAM & Addressing,Reports & Analytics,Customer Portal,Field PWA,Administration & Security,APIs & Integrations,Quality & Operations
CyberSathy Superadmin,ADMIN,ADMIN,ADMIN,ADMIN,ADMIN,ADMIN,ADMIN,ADMIN,ADMIN,ADMIN,ADMIN,ADMIN,ADMIN,ADMIN,ADMIN,ADMIN,ADMIN,ADMIN,ADMIN,ADMIN,ADMIN,ADMIN,ADMIN,ADMIN,ADMIN,ADMIN,ADMIN,ADMIN
Platform Support Engineer,ROLE_POLICY,ROLE_POLICY,ROLE_POLICY,ROLE_POLICY,ROLE_POLICY,ROLE_POLICY,ROLE_POLICY,ROLE_POLICY,ROLE_POLICY,ROLE_POLICY,ROLE_POLICY,ROLE_POLICY,ROLE_POLICY,ROLE_POLICY,ROLE_POLICY,ROLE_POLICY,ROLE_POLICY,ROLE_POLICY,ROLE_POLICY,ROLE_POLICY,ROLE_POLICY,ROLE_POLICY,ROLE_POLICY,ROLE_POLICY,ROLE_POLICY,ROLE_POLICY,ROLE_POLICY,ROLE_POLICY
ISP Owner,ROLE_POLICY,ROLE_POLICY,ROLE_POLICY,ROLE_POLICY,ROLE_POLICY,ROLE_POLICY,ROLE_POLICY,ROLE_POLICY,ROLE_POLICY,ROLE_POLICY,ROLE_POLICY,ROLE_POLICY,ROLE_POLICY,ROLE_POLICY,ROLE_POLICY,ROLE_POLICY,ROLE_POLICY,ROLE_POLICY,ROLE_POLICY,ROLE_POLICY,ROLE_POLICY,ROLE_POLICY,ROLE_POLICY,ROLE_POLICY,ROLE_POLICY,ROLE_POLICY,ROLE_POLICY,ROLE_POLICY
ISP Administrator,ROLE_POLICY,ROLE_POLICY,ROLE_POLICY,ROLE_POLICY,ROLE_POLICY,ROLE_POLICY,ROLE_POLICY,ROLE_POLICY,ROLE_POLICY,ROLE_POLICY,ROLE_POLICY,ROLE_POLICY,ROLE_POLICY,ROLE_POLICY,ROLE_POLICY,ROLE_POLICY,ROLE_POLICY,ROLE_POLICY,ROLE_POLICY,ROLE_POLICY,ROLE_POLICY,ROLE_POLICY,ROLE_POLICY,ROLE_POLICY,ROLE_POLICY,ROLE_POLICY,ROLE_POLICY,ROLE_POLICY
NOC Operator,ROLE_POLICY,ROLE_POLICY,ROLE_POLICY,ROLE_POLICY,ROLE_POLICY,ROLE_POLICY,ROLE_POLICY,ROLE_POLICY,ROLE_POLICY,ROLE_POLICY,ROLE_POLICY,ROLE_POLICY,ROLE_POLICY,ROLE_POLICY,ROLE_POLICY,ROLE_POLICY,ROLE_POLICY,ROLE_POLICY,ROLE_POLICY,ROLE_POLICY,ROLE_POLICY,ROLE_POLICY,ROLE_POLICY,ROLE_POLICY,ROLE_POLICY,ROLE_POLICY,ROLE_POLICY,ROLE_POLICY
Network Engineer,ROLE_POLICY,ROLE_POLICY,ROLE_POLICY,ROLE_POLICY,ROLE_POLICY,ROLE_POLICY,ROLE_POLICY,ROLE_POLICY,ROLE_POLICY,ROLE_POLICY,ROLE_POLICY,ROLE_POLICY,ROLE_POLICY,ROLE_POLICY,ROLE_POLICY,ROLE_POLICY,ROLE_POLICY,ROLE_POLICY,ROLE_POLICY,ROLE_POLICY,ROLE_POLICY,ROLE_POLICY,ROLE_POLICY,ROLE_POLICY,ROLE_POLICY,ROLE_POLICY,ROLE_POLICY,ROLE_POLICY
Fiber Engineer,ROLE_POLICY,ROLE_POLICY,ROLE_POLICY,ROLE_POLICY,ROLE_POLICY,ROLE_POLICY,ROLE_POLICY,ROLE_POLICY,ROLE_POLICY,ROLE_POLICY,ROLE_POLICY,ROLE_POLICY,ROLE_POLICY,ROLE_POLICY,ROLE_POLICY,ROLE_POLICY,ROLE_POLICY,ROLE_POLICY,ROLE_POLICY,ROLE_POLICY,ROLE_POLICY,ROLE_POLICY,ROLE_POLICY,ROLE_POLICY,ROLE_POLICY,ROLE_POLICY,ROLE_POLICY,ROLE_POLICY
Billing Officer,ROLE_POLICY,ROLE_POLICY,ROLE_POLICY,ROLE_POLICY,ROLE_POLICY,ROLE_POLICY,ROLE_POLICY,ROLE_POLICY,ROLE_POLICY,ROLE_POLICY,ROLE_POLICY,ROLE_POLICY,ROLE_POLICY,ROLE_POLICY,ROLE_POLICY,ROLE_POLICY,ROLE_POLICY,ROLE_POLICY,ROLE_POLICY,ROLE_POLICY,ROLE_POLICY,ROLE_POLICY,ROLE_POLICY,ROLE_POLICY,ROLE_POLICY,ROLE_POLICY,ROLE_POLICY,ROLE_POLICY
Customer Support Agent,ROLE_POLICY,ROLE_POLICY,ROLE_POLICY,ROLE_POLICY,ROLE_POLICY,ROLE_POLICY,ROLE_POLICY,ROLE_POLICY,ROLE_POLICY,ROLE_POLICY,ROLE_POLICY,ROLE_POLICY,ROLE_POLICY,ROLE_POLICY,ROLE_POLICY,ROLE_POLICY,ROLE_POLICY,ROLE_POLICY,ROLE_POLICY,ROLE_POLICY,ROLE_POLICY,ROLE_POLICY,ROLE_POLICY,ROLE_POLICY,ROLE_POLICY,ROLE_POLICY,ROLE_POLICY,ROLE_POLICY
Field Technician,VIEW,VIEW,VIEW,VIEW,VIEW,VIEW,VIEW,VIEW,VIEW,VIEW,VIEW,VIEW,VIEW,VIEW,SCOPED,SCOPED,VIEW,SCOPED,VIEW,SCOPED,VIEW,VIEW,VIEW,VIEW,SCOPED,VIEW,VIEW,VIEW
Reseller Owner,NONE,NONE,NONE,SCOPED,NONE,NONE,SCOPED,SCOPED,SCOPED,SCOPED,SCOPED,SCOPED,NONE,SCOPED,SCOPED,NONE,NONE,SCOPED,SCOPED,NONE,NONE,NONE,SCOPED,NONE,NONE,NONE,NONE,NONE
Reseller Staff,NONE,NONE,NONE,SCOPED,NONE,NONE,SCOPED,SCOPED,SCOPED,SCOPED,SCOPED,SCOPED,NONE,SCOPED,SCOPED,NONE,NONE,SCOPED,SCOPED,NONE,NONE,NONE,SCOPED,NONE,NONE,NONE,NONE,NONE
Customer,NONE,NONE,NONE,NONE,NONE,NONE,NONE,NONE,NONE,NONE,NONE,NONE,NONE,NONE,NONE,NONE,NONE,NONE,VIEW,NONE,NONE,NONE,NONE,VIEW,NONE,NONE,NONE,NONE
Auditor,ROLE_POLICY,ROLE_POLICY,ROLE_POLICY,ROLE_POLICY,ROLE_POLICY,ROLE_POLICY,ROLE_POLICY,ROLE_POLICY,ROLE_POLICY,ROLE_POLICY,ROLE_POLICY,ROLE_POLICY,ROLE_POLICY,ROLE_POLICY,ROLE_POLICY,ROLE_POLICY,ROLE_POLICY,ROLE_POLICY,ROLE_POLICY,ROLE_POLICY,ROLE_POLICY,ROLE_POLICY,ROLE_POLICY,ROLE_POLICY,ROLE_POLICY,ROLE_POLICY,ROLE_POLICY,ROLE_POLICY
API Client,ROLE_POLICY,ROLE_POLICY,ROLE_POLICY,ROLE_POLICY,ROLE_POLICY,ROLE_POLICY,ROLE_POLICY,ROLE_POLICY,ROLE_POLICY,ROLE_POLICY,ROLE_POLICY,ROLE_POLICY,ROLE_POLICY,ROLE_POLICY,ROLE_POLICY,ROLE_POLICY,ROLE_POLICY,ROLE_POLICY,ROLE_POLICY,ROLE_POLICY,ROLE_POLICY,ROLE_POLICY,ROLE_POLICY,ROLE_POLICY,ROLE_POLICY,ROLE_POLICY,ROLE_POLICY,ROLE_POLICY
