file,usage
a_clean_high_resolution_software_dashboard_ui_moc.png,Visual reference generated during FiberNet UI design conversation; verify screen semantics against narrative and atomic specs.
a_clean_high_resolution_ui_mockup_dashboard_scr.png,Visual reference generated during FiberNet UI design conversation; verify screen semantics against narrative and atomic specs.
a_clean_modern_ui_dashboard_screenshot_of_a_fiber.png,Visual reference generated during FiberNet UI design conversation; verify screen semantics against narrative and atomic specs.
a_clean_modern_ui_ux_mockup_collage_on_a_pale_bac.png,Visual reference generated during FiberNet UI design conversation; verify screen semantics against narrative and atomic specs.
a_detailed_clean_modern_web_ui_dashboard_screens.png,Visual reference generated during FiberNet UI design conversation; verify screen semantics against narrative and atomic specs.
a_detailed_high_resolution_ui_screenshot_of_a_net.png,Visual reference generated during FiberNet UI design conversation; verify screen semantics against narrative and atomic specs.
a_detailed_ui_screenshot_of_a_network_management_w.png,Visual reference generated during FiberNet UI design conversation; verify screen semantics against narrative and atomic specs.
a_detailed_ui_screenshot_of_an_isp_network_managem.png,Visual reference generated during FiberNet UI design conversation; verify screen semantics against narrative and atomic specs.
a_detailed_widescreen_ui_ux_dashboard_mockup_of_an.png,Visual reference generated during FiberNet UI design conversation; verify screen semantics against narrative and atomic specs.
a_high_resolution_screenshot_of_a_network_manageme.png,Visual reference generated during FiberNet UI design conversation; verify screen semantics against narrative and atomic specs.
a_high_resolution_screenshot_of_a_web_application.png,Visual reference generated during FiberNet UI design conversation; verify screen semantics against narrative and atomic specs.
a_high_resolution_ui_dashboard_screenshot_overall.png,Visual reference generated during FiberNet UI design conversation; verify screen semantics against narrative and atomic specs.
a_large_multi_panel_ui_ux_mockup_collage_of_an_isp.png,Visual reference generated during FiberNet UI design conversation; verify screen semantics against narrative and atomic specs.
a_wide_clean_modern_dashboard_ui_screenshot_of_a.png,Visual reference generated during FiberNet UI design conversation; verify screen semantics against narrative and atomic specs.
a_wide_clean_modern_ui_dashboard_screenshot_of_a.png,Visual reference generated during FiberNet UI design conversation; verify screen semantics against narrative and atomic specs.
a_wide_clean_modern_web_ui_dashboard_screenshot.png,Visual reference generated during FiberNet UI design conversation; verify screen semantics against narrative and atomic specs.
a_wide_clean_modern_web_ui_dashboard_screenshot_f.png,Visual reference generated during FiberNet UI design conversation; verify screen semantics against narrative and atomic specs.
a_wide_clean_ui_screenshot_of_a_network_managemen.png,Visual reference generated during FiberNet UI design conversation; verify screen semantics against narrative and atomic specs.
a_wide_crisp_high_resolution_screenshot_of_a_web.png,Visual reference generated during FiberNet UI design conversation; verify screen semantics against narrative and atomic specs.
a_wide_desktop_ui_screenshot_of_a_network_managem.png,Visual reference generated during FiberNet UI design conversation; verify screen semantics against narrative and atomic specs.
a_wide_detailed_desktop_dashboard_screenshot_of_a.png,Visual reference generated during FiberNet UI design conversation; verify screen semantics against narrative and atomic specs.
a_wide_detailed_screenshot_of_a_network_managemen.png,Visual reference generated during FiberNet UI design conversation; verify screen semantics against narrative and atomic specs.
a_wide_detailed_ui_screenshot_of_a_network_topolo.png,Visual reference generated during FiberNet UI design conversation; verify screen semantics against narrative and atomic specs.
a_wide_high_resolution_desktop_web_ui_screenshot.png,Visual reference generated during FiberNet UI design conversation; verify screen semantics against narrative and atomic specs.
a_wide_high_resolution_screenshot_of_a_network_ma.png,Visual reference generated during FiberNet UI design conversation; verify screen semantics against narrative and atomic specs.
a_wide_high_resolution_screenshot_of_a_web_applic.png,Visual reference generated during FiberNet UI design conversation; verify screen semantics against narrative and atomic specs.
a_wide_high_resolution_software_web_ui_screenshot.png,Visual reference generated during FiberNet UI design conversation; verify screen semantics against narrative and atomic specs.
a_wide_high_resolution_ui_dashboard_screenshot_of.png,Visual reference generated during FiberNet UI design conversation; verify screen semantics against narrative and atomic specs.
a_wide_high_resolution_ui_screenshot_of_a_network.png,Visual reference generated during FiberNet UI design conversation; verify screen semantics against narrative and atomic specs.
a_wide_screenshot_of_a_network_management_web_ui_d.png,Visual reference generated during FiberNet UI design conversation; verify screen semantics against narrative and atomic specs.
a_widescreen_screenshot_of_a_network_management_we.png,Visual reference generated during FiberNet UI design conversation; verify screen semantics against narrative and atomic specs.
a_widescreen_screenshot_of_a_web_application_dashb.png,Visual reference generated during FiberNet UI design conversation; verify screen semantics against narrative and atomic specs.
cybersathy_fibernet_reseller_dashboard.png,Visual reference generated during FiberNet UI design conversation; verify screen semantics against narrative and atomic specs.
wide_clean_ui_dashboard_screenshot_of_an_isp_fibe.png,Visual reference generated during FiberNet UI design conversation; verify screen semantics against narrative and atomic specs.
wide_detailed_screenshot_of_a_network_management.png,Visual reference generated during FiberNet UI design conversation; verify screen semantics against narrative and atomic specs.
wide_detailed_screenshot_of_a_web_application_das.png,Visual reference generated during FiberNet UI design conversation; verify screen semantics against narrative and atomic specs.
wide_detailed_ui_screenshot_of_a_fiber_network_ma.png,Visual reference generated during FiberNet UI design conversation; verify screen semantics against narrative and atomic specs.
wide_high_detail_screenshot_of_a_dashboard_ui_for.png,Visual reference generated during FiberNet UI design conversation; verify screen semantics against narrative and atomic specs.
wide_high_resolution_screenshot_of_a_web_based_ne.png,Visual reference generated during FiberNet UI design conversation; verify screen semantics against narrative and atomic specs.
wide_screen_ui_dashboard_mockup_of_an_isp_olt_onu.png,Visual reference generated during FiberNet UI design conversation; verify screen semantics against narrative and atomic specs.
wide_screenshot_of_a_network_management_web_ui_da.png,Visual reference generated during FiberNet UI design conversation; verify screen semantics against narrative and atomic specs.
wide_screenshot_of_a_web_application_dashboard_ui.png,Visual reference generated during FiberNet UI design conversation; verify screen semantics against narrative and atomic specs.
wide_screenshot_of_a_web_application_ui_dashboard.png,Visual reference generated during FiberNet UI design conversation; verify screen semantics against narrative and atomic specs.
wide_screenshot_of_a_web_based_network_management.png,Visual reference generated during FiberNet UI design conversation; verify screen semantics against narrative and atomic specs.
wide_ui_screenshot_of_a_network_management_dashboa.png,Visual reference generated during FiberNet UI design conversation; verify screen semantics against narrative and atomic specs.
wide_ui_screenshot_of_a_network_management_web_app.png,Visual reference generated during FiberNet UI design conversation; verify screen semantics against narrative and atomic specs.
wide_ui_screenshot_of_a_professional_gis_network_m.png,Visual reference generated during FiberNet UI design conversation; verify screen semantics against narrative and atomic specs.
